Num_Agents,Average_Time_Taken,Average_Collisions
4,0.0008856773376464844,0.0
2,0.0005621910095214844,0.0
3,0.0006668567657470703,0.0
