Num_Agents,Average_Time_Taken,Average_Collisions
4,0.0005114078521728516,0.0
2,0.0002783536911010742,0.0
3,0.0004387696584065755,0.0
